hip,proper,bayer,ra,dec,mag,con
,Sol,,0.0,0.0,-26.7,
145,,,0.030402,-3.027504,5.13,Psc
154,,,0.032672,-6.014072,4.37,Psc
186,,,0.040046,8.956824,6.33,Psc
194,,,0.041584,8.485463,5.7,Psc
417,,,0.084395,-0.503035,6.32,Psc
443,,,0.088928,-5.707618,4.61,Psc
635,,,0.12892,-2.548679,6.43,Psc
664,,,0.136693,-2.447711,6.18,Psc
813,,,0.167278,11.145813,5.54,Psc
840,,,0.171908,-5.248588,5.84,Psc
1196,,,0.249677,8.820962,6.02,Psc
1319,,,0.276122,8.240154,6.12,Psc
1421,,,0.296583,1.688727,6.19,Psc
1465,,,0.304791,11.206214,6.07,Psc
1645,,,0.343295,8.190271,5.38,Psc
1772,,,0.373745,13.482488,6.25,Psc
1939,,,0.408236,-2.219064,6.08,Psc
1948,,,0.410599,14.315514,6.48,Psc
2006,,,0.423391,1.939692,5.77,Psc
2178,,,0.45863,16.025483,6.44,Psc
2213,,,0.466241,19.514039,6.4,Psc
2219,,,0.467475,17.893125,5.01,Psc
2224,,,0.470195,16.445065,6.05,Psc
2235,,,0.472236,10.189848,6.05,Psc
2548,,,0.539939,6.955463,5.69,Psc
2568,,,0.543189,20.294316,5.38,Psc
2734,,,0.582046,13.371137,6.39,Psc
2832,,,0.598557,13.207067,6.32,Psc
2903,,,0.613142,15.231725,5.89,Psc
2954,,,0.625136,3.135351,6.43,Psc
3093,,,0.656063,21.250472,5.88,Psc
3138,,,0.665436,21.438495,5.36,Psc
3632,,,0.775822,15.475504,5.36,Psc
3675,,,0.783738,11.973849,5.51,Psc
3685,,,0.787118,19.578702,6.11,Psc
3697,,,0.789898,6.740956,5.98,Psc
3760,,,0.804836,7.299928,5.92,Psc
3765,96 G. Psc,,0.806382,5.280615,5.74,Psc
3786,,Del,0.811373,7.585079,4.44,Psc
3810,,,0.816308,16.940644,5.07,Psc
3885,,,0.831433,27.710286,5.55,Psc
3992,,,0.85509,3.38502,6.39,Psc
4267,,,0.909785,19.188417,5.8,Psc
4317,,,0.920742,24.557062,6.19,Psc
4366,,,0.93292,27.209381,6.08,Psc
4382,,,0.935867,13.95196,6.46,Psc
4510,,,0.963931,28.992217,5.44,Psc
4520,,,0.965142,13.695865,6.3,Psc
4558,,,0.971915,21.404495,6.47,Psc
4655,,,0.997135,6.483225,6.14,Psc
4889,,Sig,1.046971,31.804263,5.5,Psc
4906,,Eps,1.049058,7.890135,4.27,Psc
5034,,,1.074339,29.658806,6.2,Psc
5074,,,1.081288,5.656262,6.03,Psc
5081,,,1.084821,14.946133,5.64,Psc
5131,,Psi-1,1.094709,21.473181,5.33,Psc
5132,,Psi-1,1.094919,21.465442,5.55,Psc
5141,,,1.097008,4.908372,6.35,Psc
5175,,,1.103111,32.181485,6.28,Psc
5204,,,1.109341,12.956039,6.14,Psc
5310,,Psi-2,1.132544,20.739113,5.56,Psc
5319,,,1.133701,32.01213,6.23,Psc
5346,,,1.1395,5.649819,5.51,Psc
5454,,Psi-3,1.163667,19.658408,5.57,Psc
5483,,,1.169845,15.673912,6.07,Psc
5494,,,1.17207,25.457763,5.81,Psc
5544,,,1.185213,31.424736,5.15,Psc
5571,,Chi,1.190894,21.03465,4.66,Psc
5575,,,1.191381,10.291908,6.49,Psc
5586,,Tau,1.194342,30.089638,4.51,Psc
5679,,,1.21652,30.064229,6.24,Psc
5737,Revati,Zet,1.228857,7.575354,5.21,Psc
5742,,Phi,1.229152,24.583713,4.67,Psc
5743,Revati B,Zet,1.22924,7.578261,6.44,Psc
5772,,,1.234695,28.529575,6.33,Psc
5778,,,1.235453,16.133479,5.97,Psc
5824,,,1.245109,6.995136,6.04,Psc
5936,,,1.271922,33.11472,6.04,Psc
6025,,,1.290033,31.744617,6.36,Psc
6061,,,1.296654,3.614466,5.13,Psc
6193,,Ups,1.324443,27.264059,4.74,Psc
6315,,,1.352047,28.738207,5.23,Psc
6492,,,1.390264,20.468967,5.97,Psc
6669,,,1.426577,23.511519,6.18,Psc
6706,,Rho,1.437573,19.172346,5.35,Psc
6714,,,1.439887,20.070804,6.44,Psc
6732,,,1.44491,19.240422,5.5,Psc
6868,,,1.473032,7.961353,6.22,Psc
6981,,,1.498017,18.355669,6.01,Psc
7007,,Mu,1.503087,6.14382,4.84,Psc
7097,Alpherg,Eta,1.524725,15.345823,3.62,Psc
7243,,,1.555077,8.208738,6.31,Psc
7359,,,1.580296,18.460512,5.9,Psc
7436,,,1.596234,14.661422,6.23,Psc
7447,,,1.598542,17.433841,5.95,Psc
7505,,,1.612091,7.831529,6.39,Psc
7535,,Pi,1.61831,12.141535,5.54,Psc
7740,,,1.661338,16.405858,5.98,Psc
7819,,,1.676368,8.760769,6.34,Psc
7874,,,1.688435,25.745712,6.2,Psc
7884,,Nu,1.690526,5.487613,4.45,Psc
7981,,,1.70827,20.268504,5.24,Psc
8159,,,1.748841,20.083149,6.27,Psc
8198,Torcular,Omi,1.756564,9.157736,4.26,Psc
8387,,,1.803038,16.955551,5.86,Ari
8404,,,1.807227,3.685447,5.91,Psc
8544,,,1.835714,22.275338,5.83,Ari
8588,,,1.84777,11.043378,5.92,Ari
8832,Mesarthim,Gam-2,1.89217,19.293852,3.88,Ari
8833,,Xi,1.892597,3.187536,4.61,Psc
8903,Sheratan,Bet,1.910668,20.808035,2.64,Ari
8993,,,1.930844,23.577322,5.76,Ari
9110,,Iot,1.955848,17.817532,5.09,Ari
9153,,Lam,1.965478,23.596061,4.79,Ari
9295,,,1.990524,12.294876,6.09,Ari
9307,,,1.993244,21.05857,5.89,Ari
9353,,,2.002544,3.097015,5.89,Psc
9487,Alrescha,Alp,2.034117,2.763759,3.82,Psc
9533,,,2.043077,13.476716,5.97,Ari
9621,,,2.060927,25.935471,5.64,Ari
9627,,,2.061836,18.253238,6.24,Ari
9706,,,2.080836,7.735664,6.44,Psc
9809,,,2.103406,8.248114,6.27,Psc
9836,,Kap,2.109423,22.648317,5.03,Ari
9859,,,2.113676,25.704553,6.01,Ari
9884,Hamal,Alp,2.119555,23.462423,2.01,Ari
10050,,,2.156419,17.224196,6.4,Ari
10053,,,2.157036,25.939892,4.98,Ari
10155,,,2.177109,19.500338,5.68,Ari
10203,,,2.186682,25.936938,6.01,Ari
10296,,,2.210427,24.167778,5.96,Ari
10306,,Eta,2.213355,21.210993,5.23,Ari
10328,,,2.217584,15.27986,5.72,Ari
10535,,,2.261884,25.043043,5.57,Ari
10540,,,2.262789,25.782937,5.79,Ari
10732,,The,2.302094,19.901164,5.58,Ari
10795,,,2.316097,23.167815,6.45,Ari
11249,,Xi,2.413627,10.610565,5.48,Ari
11415,,,2.452011,27.012395,6.14,Ari
11578,,,2.487133,23.469026,6.2,Ari
11670,,,2.508986,25.235036,5.88,Ari
11678,,,2.510671,19.855301,6.14,Ari
11698,,,2.51511,17.703856,6.21,Ari
11843,,,2.548372,15.034554,6.0,Ari
12153,,,2.610531,12.447639,5.64,Ari
12189,,,2.61681,24.647222,6.48,Ari
12332,,Nu,2.646943,21.961408,5.45,Ari
12489,,,2.678075,27.060943,5.3,Ari
12640,,Mu,2.706094,20.011465,5.74,Ari
12647,,,2.708038,10.741725,6.32,Ari
12719,,,2.724198,27.707146,4.65,Ari
12744,,,2.730901,25.638343,6.35,Ari
12784,,,2.738642,17.763928,6.4,Ari
12803,,Omi,2.742493,15.311862,5.78,Ari
12832,,,2.749328,12.445761,5.17,Ari
13061,Lilii Borea,,2.79848,29.247118,4.52,Ari
13108,,,2.808913,18.28379,5.83,Ari
13121,,,2.81275,25.188064,5.89,Ari
13165,,Pi,2.821544,17.464309,5.26,Ari
13209,Bharani,,2.833063,27.260507,3.61,Ari
13327,,Sig,2.858218,15.082071,5.52,Ari
13448,,,2.886582,16.48346,6.3,Ari
13654,,Rho-2,2.930138,18.33164,5.76,Ari
13702,,Rho-3,2.940596,18.023119,5.58,Ari
13834,,,2.968114,20.668733,5.8,Ari
13914,,Eps,2.986868,21.340429,4.63,Ari
14036,,,3.012261,10.870388,5.93,Ari
14109,,,3.031706,26.462354,5.91,Ari
14232,,,3.058376,28.269906,6.38,Ari
14318,,,3.077957,15.856023,6.37,Ari
14376,,,3.090747,25.255174,5.45,Ari
14439,,,3.106579,13.18725,5.64,Ari
14514,,,3.123798,17.879995,6.13,Ari
14586,,,3.139197,18.795053,6.24,Ari
14649,,,3.155592,20.761123,6.41,Ari
14677,,,3.160206,29.07708,5.74,Ari
14719,,,3.169122,27.819766,6.42,Ari
14748,,,3.174179,26.896233,6.02,Ari
14764,,,3.177443,11.872627,5.97,Ari
14821,,,3.189422,13.047845,6.11,Ari
14838,Botein,Del,3.193822,19.726677,4.35,Ari
14893,,,3.203957,27.256968,5.78,Ari
15110,,Zet,3.24836,21.044441,4.87,Ari
15154,,,3.255677,30.556689,5.61,Ari
15323,,,3.29446,31.127048,6.4,Ari
15514,,,3.332166,27.071134,5.91,Ari
15549,,,3.338989,29.048458,4.47,Ari
15557,,,3.340437,25.662739,6.14,Ari
15627,,Tau-1,3.353784,21.147086,5.27,Ari
15696,,,3.36997,27.607553,5.55,Ari
15737,,Tau-2,3.379234,20.742069,5.1,Ari
15800,,,3.393418,0.910087,6.47,Tau
15807,,,3.394164,4.882105,6.37,Tau
15850,,,3.402814,12.62959,6.03,Tau
15861,,,3.405132,24.724063,5.5,Ari
15870,,,3.407255,20.803489,6.07,Ari
15900,,Omi,3.413554,9.02887,3.61,Tau
16042,,,3.443163,28.715087,6.47,Ari
16083,,Xi,3.45282,9.73268,3.73,Tau
16095,,,3.455188,12.735289,6.29,Tau
16181,,,3.474046,22.804006,6.03,Ari
16226,,,3.48439,3.248704,6.41,Tau
16322,,,3.506797,11.336442,5.14,Tau
16358,,,3.512617,6.188703,5.93,Tau
16369,,,3.514549,12.936678,4.14,Tau
16511,,,3.543319,9.373438,5.76,Tau
16641,,,3.568993,17.832828,6.14,Tau
16664,,,3.574062,24.464393,5.95,Tau
16695,,,3.5803,6.417691,6.49,Tau
16846,,,3.613136,0.587758,5.82,Tau
16852,,,3.614551,0.401662,4.29,Tau
16924,,,3.629953,15.430552,6.4,Tau
17026,,,3.650017,20.915765,6.5,Tau
17058,,,3.657153,16.536685,6.18,Tau
17103,,,3.664201,3.056863,5.55,Tau
17120,,,3.666547,-1.121226,6.12,Tau
17181,,,3.67953,25.329492,6.11,Tau
17309,,,3.705263,19.700254,5.68,Tau
17408,,,3.72978,19.665032,6.13,Tau
17453,,,3.741167,20.928737,6.09,Tau
17489,Celaeno,,3.746726,24.28947,5.45,Tau
17499,Electra,,3.747927,24.113339,3.72,Tau
17527,,,3.752705,24.83926,5.66,Tau
17531,Taygeta,,3.75347,24.467278,4.3,Tau
17563,,,3.761234,6.049991,5.34,Tau
17573,Maia,,3.763779,24.367748,3.87,Tau
17579,Asterope,,3.765132,24.554511,5.76,Tau
17588,,,3.767472,24.527898,6.43,Tau
17595,,,3.769267,6.80352,5.91,Tau
17608,Merope,,3.772104,23.948358,4.14,Tau
17702,Alcyone,Eta,3.79141,24.105137,2.85,Tau
17759,,,3.801817,24.988416,6.44,Tau
17771,,,3.804519,11.143294,5.08,Tau
17776,,,3.805782,23.42125,5.44,Tau
17832,,,3.815816,23.857135,6.47,Tau
17847,Atlas,,3.819373,24.053415,3.62,Tau
17851,Pleione,,3.819782,24.136712,5.05,Tau
17900,,,3.828758,23.711855,6.17,Tau
17921,,,3.831964,22.244151,6.05,Tau
17954,,,3.838593,25.579362,5.24,Tau
18033,,,3.854408,13.046078,6.3,Tau
18089,,,3.86673,6.534907,5.66,Tau
18170,,,3.886123,17.327083,5.97,Tau
18201,,,3.89291,25.682883,6.35,Tau
18471,,,3.947798,22.477971,5.62,Tau
18481,,,3.950477,6.039967,6.09,Tau
18485,,,3.951058,23.17555,6.05,Tau
18508,,,3.957328,24.461937,6.19,Tau
18658,,,3.994581,10.330402,6.35,Tau
18717,,,4.010247,17.29666,6.31,Tau
18724,,Lam,4.011338,12.490347,3.41,Tau
18735,,,4.013545,18.194,5.89,Tau
18805,,,4.029482,9.998017,5.67,Tau
18907,,Nu,4.052606,5.989305,3.91,Tau
18957,,,4.06239,5.435624,5.32,Tau
18975,,,4.065723,8.197269,5.45,Tau
18993,,,4.06941,2.826947,5.36,Tau
19009,,,4.072687,24.105993,5.46,Tau
19038,,,4.078253,22.081926,4.36,Tau
19076,,,4.088958,22.008905,5.9,Tau
19171,,,4.110114,27.599903,5.18,Tau
19205,,Psi,4.116795,29.001299,5.21,Tau
19261,,,4.128328,15.162788,6.02,Tau
19284,,,4.133171,17.339897,5.89,Tau
19376,,,4.150436,13.398281,5.94,Tau
19388,,Ome-1,4.152768,19.609217,5.51,Tau
19434,,,4.161946,3.322697,6.49,Tau
19513,,,4.180517,26.480952,5.39,Tau
19554,,,4.188967,5.523047,5.71,Tau
19641,,,4.208709,17.27746,6.09,Tau
19672,,,4.214235,22.413458,6.14,Tau
19719,,,4.225862,7.716045,5.29,Tau
19720,,,4.226269,10.212458,6.24,Tau
19736,,,4.23051,12.753701,6.25,Tau
19740,,,4.232329,9.263824,4.84,Tau
19799,,,4.243398,10.011406,5.22,Tau
19859,,,4.258,6.186858,6.32,Tau
19860,,Mu,4.258905,8.892357,4.27,Tau
19877,,,4.262856,15.400695,6.31,Tau
19990,,Ome-2,4.287684,20.578591,4.93,Tau
20087,,,4.306444,21.579297,5.64,Tau
20171,,,4.323916,21.142307,5.5,Tau
20186,,,4.326862,21.773491,5.34,Tau
20188,,,4.32706,10.121437,6.31,Tau
20205,Prima Hyadum,Gam,4.329889,15.627642,3.65,Tau
20219,,,4.332695,14.035201,5.58,Tau
20250,,Phi,4.339227,27.350754,4.97,Tau
20255,,,4.340307,18.742608,6.11,Tau
20261,,,4.343419,15.095453,5.26,Tau
20268,,,4.34479,6.130798,5.76,Tau
20284,,,4.347977,13.864427,6.15,Tau
20400,,,4.367643,14.077198,5.72,Tau
20417,,,4.372981,20.821416,5.91,Tau
20430,,Chi,4.376373,25.629314,5.38,Tau
20455,Secunda Hyadum,Del-1,4.382247,17.542514,3.77,Tau
20484,,,4.390294,16.77726,5.64,Tau
20493,,,4.392324,20.982044,6.0,Tau
20522,,,4.397729,9.460968,5.1,Tau
20533,,,4.399934,24.300992,6.34,Tau
20542,,Del-2,4.401599,17.44413,4.8,Tau
20558,,,4.404023,12.157987,6.42,Tau
20614,,,4.415868,19.042013,5.97,Tau
20635,,Kap-1,4.422822,22.293874,4.21,Tau
20641,,Kap-2,4.423614,22.199998,5.27,Tau
20648,,Del-3,4.424828,17.92791,4.3,Tau
20661,,,4.427032,15.94101,6.44,Tau
20698,,,4.433708,4.373451,6.37,Tau
20711,,Ups,4.438461,22.813583,4.28,Tau
20713,,,4.439094,15.618265,4.48,Tau
20715,,,4.439195,8.590269,6.06,Tau
20732,,Pi,4.443437,14.713782,4.69,Tau
20771,,,4.450194,2.079409,6.23,Tau
20789,,,4.454847,22.996337,5.53,Tau
20804,,,4.457991,11.2123,5.87,Tau
20842,,,4.466883,21.619907,5.72,Tau
20848,,,4.467677,1.858605,6.14,Tau
20873,,,4.473167,14.740974,5.9,Tau
20877,,,4.473992,16.359672,4.96,Tau
20884,,,4.475589,1.380821,5.53,Tau
20885,,The-1,4.476248,15.962181,3.84,Tau
20889,Ain,Eps,4.476943,19.180431,3.53,Tau
20894,Chamukuy,The-2,4.477705,15.870883,3.4,Tau
20901,,,4.480601,13.047602,5.02,Tau
20904,,,4.481108,30.361492,6.38,Tau
20985,,,4.500636,10.262214,6.47,Tau
20995,,,4.502388,15.63784,5.58,Tau
21029,,,4.509342,16.194014,4.78,Tau
21036,,,4.510378,13.724402,5.4,Tau
21039,,,4.510802,15.691879,5.47,Tau
21053,,,4.512998,16.148696,6.5,Tau
21082,,,4.518664,15.105037,6.28,Tau
21137,,,4.531043,15.85156,6.01,Tau
21152,,,4.534669,5.410035,6.37,Tau
21251,,,4.55918,18.016722,6.24,Tau
21269,,,4.563382,9.413567,6.01,Tau
21273,,Rho,4.564143,14.844424,4.65,Tau
21295,,,4.568963,5.568616,5.67,Tau
21323,,,4.57722,28.96115,5.88,Tau
21402,,,4.594239,10.16079,4.25,Tau
21408,,,4.595156,19.881791,6.33,Tau
21421,Aldebaran,Alp,4.598677,16.509301,0.87,Tau
21459,,,4.608092,23.340855,6.01,Tau
21515,,,4.620465,0.998314,5.32,Tau
21517,,,4.620772,18.543031,6.49,Tau
21588,,,4.635956,16.033291,5.78,Tau
21589,,,4.635961,12.510838,4.27,Tau
21604,,,4.637731,20.684722,5.85,Tau
21670,,,4.65171,7.870976,5.38,Tau
21673,,Sig-1,4.65256,15.799846,5.08,Tau
21683,,Sig-2,4.654583,15.917977,4.67,Tau
21689,,,4.65643,25.218274,6.21,Tau
21735,,,4.667616,12.197609,5.45,Tau
21819,,,4.688822,28.614994,5.73,Tau
21881,,Tau,4.704084,22.956926,4.27,Tau
21961,,,4.720488,24.08892,6.18,Tau
22128,,,4.761796,23.627996,6.34,Tau
22176,,,4.771341,18.734693,5.99,Tau
22441,,,4.828912,15.904221,6.09,Tau
22565,,,4.856239,18.839861,5.08,Tau
22697,,,4.879754,27.897485,5.97,Tau
22850,,,4.916211,19.485388,6.36,Tau
22949,,,4.937661,24.592218,6.33,Tau
23043,,,4.956206,17.153677,5.51,Tau
23068,,,4.963513,23.948562,5.79,Tau
23088,,,4.969275,25.050405,5.79,Tau
23497,,Iot,5.051596,21.589962,4.62,Tau
23589,,,5.072663,21.277931,6.2,Tau
23695,,,5.09225,19.806723,6.48,Tau
23835,,,5.124164,18.645052,4.91,Tau
23871,,,5.130111,20.418379,5.28,Tau
23883,,,5.132066,21.704821,5.84,Tau
23900,,,5.135173,24.265175,5.5,Tau
24019,,,5.162524,28.030461,5.93,Tau
24512,,,5.257682,22.284858,6.26,Tau
24820,,,5.320748,20.134596,6.12,Tau
24822,,,5.321278,22.096494,4.96,Tau
24977,,,5.34906,19.814347,6.2,Tau
24984,,,5.349815,27.957262,6.35,Tau
25216,,,5.393807,16.699298,6.09,Tau
25278,,,5.407071,17.383534,5.0,Tau
25410,,,5.434923,16.700161,6.23,Tau
25428,Elnath,Bet,5.438198,28.60745,1.65,Tau
25499,,,5.452804,17.962216,5.4,Tau
25539,,,5.460579,21.936965,4.88,Tau
25555,,,5.462669,15.874052,5.52,Tau
25583,,,5.467114,17.23913,5.77,Tau
25695,,,5.487916,25.150215,5.47,Tau
25806,,,5.51204,22.462255,6.29,Tau
25945,,,5.536875,18.594234,4.32,Tau
25950,,,5.537262,17.058128,5.5,Tau
26064,,,5.558786,18.540231,5.67,Tau
26072,,,5.560788,20.474216,6.19,Tau
26248,,,5.590869,24.039589,5.37,Tau
26291,,,5.59875,27.662347,6.27,Tau
26382,,,5.617704,17.040324,5.53,Tau
26396,,,5.619123,26.924473,5.83,Tau
26451,Tianguan,Zet,5.627413,21.142549,2.97,Tau
26571,,,5.64927,26.618068,6.45,Tau
26616,,,5.65753,21.762929,6.42,Tau
26640,,,5.662277,25.897091,5.18,Tau
26777,,,5.688255,16.534148,4.84,Tau
26853,,,5.701107,22.660325,6.35,Tau
26964,,,5.722084,23.204372,6.23,Tau
27116,,,5.750358,12.888332,6.47,Tau
27265,,,5.779305,15.822497,6.0,Tau
27316,,,5.786987,14.488322,5.72,Tau
27338,,,5.79061,17.729141,5.47,Tau
27353,,,5.792963,25.568623,6.48,Tau
27364,,,5.795252,13.899599,5.28,Tau
27421,,,5.806213,20.869481,6.03,Tau
27468,,,5.816935,24.567535,4.88,Tau
27511,,,5.825814,12.651324,4.89,Tau
27581,,,5.841363,14.305608,5.54,Tau
27629,,,5.849475,27.967861,5.6,Tau
27743,,,5.872859,14.171787,5.6,Tau
27830,,,5.88879,27.612262,4.56,Tau
28154,,,5.948922,24.249689,6.03,Tau
28237,,,5.966571,25.953912,4.81,Tau
28500,,,6.016793,27.572362,6.04,Gem
28561,,,6.02823,22.401001,6.36,Gem
28734,,,6.068671,23.263341,4.16,Gem
29196,,,6.15901,22.190262,5.93,Gem
29225,,,6.162218,23.113466,5.75,Gem
29379,,,6.192307,24.420253,5.83,Gem
29655,Propus,Eta,6.247961,22.506799,3.31,Gem
29789,,,6.271957,23.970027,6.09,Gem
29840,,,6.282974,23.740909,6.24,Gem
30218,,,6.357201,17.763503,6.32,Gem
30343,Tejat,Mu,6.382673,22.513586,2.87,Gem
30501,,,6.412152,25.048714,6.35,Gem
30570,,,6.425816,23.327169,6.05,Gem
30769,,,6.465742,20.49632,6.22,Gem
30815,,,6.47446,16.238386,6.24,Gem
30883,,Nu,6.482719,20.212133,4.13,Gem
31105,,,6.527065,15.903501,6.38,Gem
31158,,,6.538485,17.784349,6.26,Gem
31277,,,6.560046,14.155163,5.57,Gem
31650,,,6.624247,24.590851,6.44,Gem
31681,Alhena,Gam,6.628528,16.399252,1.93,Gem
31813,,,6.651472,22.030881,6.09,Gem
31850,,,6.658745,24.600162,6.43,Gem
31876,,,6.663255,12.982768,5.99,Gem
32019,,,6.689138,28.196638,6.45,Gem
32020,,,6.689428,16.39765,6.28,Gem
32104,,,6.706757,17.645303,5.2,Gem
32246,Mebsuta,Eps,6.732202,25.131124,3.06,Gem
32249,,,6.733137,13.228017,4.49,Gem
32311,,,6.745961,28.970932,5.42,Gem
32362,Alzirr,Xi,6.754824,12.895591,3.35,Gem
32404,,,6.765055,12.693561,6.47,Gem
32539,,,6.789849,18.193452,6.35,Gem
32740,,,6.828143,32.606756,5.72,Gem
32753,,,6.83051,16.202888,5.87,Gem
32814,,,6.840416,13.413177,5.68,Gem
32921,,,6.859179,21.761148,5.28,Gem
32968,,,6.866664,23.601718,5.68,Gem
33018,,The,6.879816,33.961254,3.6,Gem
33202,,,6.910732,13.177827,4.73,Gem
33277,,,6.921853,25.375697,5.74,Gem
33421,,,6.950145,33.681039,5.91,Gem
33465,,,6.957108,11.907554,6.26,Gem
33595,,,6.979839,26.081079,6.2,Gem
33650,,,6.991092,25.914171,6.4,Gem
33715,,,7.004396,16.078998,5.73,Gem
33914,,,7.038193,15.336008,5.78,Gem
33927,,Ome,7.040217,24.215446,5.2,Gem
33929,,,7.040426,17.755521,5.96,Gem
33937,,,7.04258,16.674447,5.86,Gem
34017,,,7.058457,29.337081,5.93,Gem
34033,,,7.060576,10.951817,5.14,Gem
34055,,,7.064333,12.594242,6.01,Gem
34088,Mekbuda,Zet,7.068481,20.570297,4.01,Gem
34182,,,7.088436,22.637458,6.0,Gem
34267,,,7.103222,34.473967,5.55,Gem
34358,,,7.122889,34.009288,5.94,Gem
34367,,,7.123577,28.176695,6.47,Gem
34428,,,7.13702,33.832388,6.31,Gem
34440,,,7.139455,15.930675,5.47,Gem
34608,,,7.168524,21.246985,6.43,Gem
34693,,Tau,7.185659,30.245163,4.41,Gem
34722,,,7.189741,26.856587,5.75,Gem
34763,,,7.196347,16.976344,6.5,Gem
34819,,,7.207327,24.128594,5.85,Gem
34860,,,7.213635,27.224823,6.46,Gem
34909,,,7.222854,16.158966,5.07,Gem
35025,,,7.244993,24.884984,5.84,Gem
35152,,,7.26588,27.897419,5.75,Gem
35253,,,7.284277,26.689485,6.38,Gem
35345,,,7.301136,30.955872,6.19,Gem
35350,,Lam,7.30155,16.540383,3.58,Gem
35548,,,7.335234,15.142928,6.45,Gem
35550,Wasat,Del,7.335383,21.98232,3.5,Gem
35699,,,7.365795,20.443658,5.09,Gem
35842,,,7.39115,22.945349,6.17,Gem
35846,,,7.391254,25.050531,5.04,Gem
35933,,,7.40768,15.517195,6.47,Gem
35941,,,7.409292,27.637857,5.77,Gem
36046,,Iot,7.428779,27.79808,3.78,Gem
36156,,,7.448981,20.257557,5.94,Gem
36238,,,7.462324,21.445247,5.2,Gem
36325,,,7.47775,27.552938,6.36,Gem
36340,,,7.479793,15.109822,6.23,Gem
36366,,Rho,7.485195,31.78455,4.16,Gem
36393,,,7.489012,28.118275,5.07,Gem
36429,,,7.49688,27.916146,5.01,Gem
36616,,,7.53011,17.086046,5.45,Gem
36760,,,7.560134,15.826662,5.27,Gem
36850,Castor,Alp,7.576634,31.888276,1.58,Gem
36896,,,7.585778,30.960924,5.34,Gem
36962,,Ups,7.598708,26.895741,4.06,Gem
37165,,,7.637325,24.360441,6.37,Gem
37204,,,7.64246,35.04855,5.58,Gem
37265,Jishui,Omi,7.65276,34.584346,4.89,Gem
37269,,,7.653335,24.222528,6.18,Gem
37300,,,7.657942,17.674519,5.04,Gem
37339,,,7.665025,32.009727,6.16,Gem
37404,,,7.679773,13.771251,6.23,Gem
37428,,,7.682922,23.018527,5.93,Gem
37508,,,7.697735,13.480453,5.79,Gem
37521,,,7.700894,14.208503,5.55,Gem
37580,,,7.7121,34.000218,6.05,Gem
37629,,Sig,7.721867,28.88351,4.23,Gem
37636,,,7.722828,22.399472,6.25,Gem
37704,,,7.735254,25.784159,5.3,Gem
37740,,Kap,7.740793,24.397993,3.57,Gem
37826,Pollux,Bet,7.755277,28.026199,1.16,Gem
37908,,,7.768736,18.510043,4.89,Gem
38016,,Pi,7.791757,33.415697,5.14,Gem
38106,,,7.809344,23.14098,6.18,Gem
38147,,,7.817177,13.371869,6.07,Gem
38319,,,7.850655,33.233653,6.06,Gem
38394,,,7.865771,19.325085,6.03,Gem
38538,,Phi,7.891616,26.765783,4.97,Gem
38722,,,7.927749,19.88397,5.38,Gem
38848,,,7.949848,15.790281,5.8,Cnc
38975,,,7.975409,16.51868,6.05,Cnc
39067,,,7.993071,13.242166,6.05,Cnc
39177,,,8.013141,17.308703,5.6,Cnc
39180,,,8.013362,19.816216,6.3,Cnc
39191,,Ome-1,8.01552,25.392836,5.87,Cnc
39194,,,8.016884,23.583093,6.34,Cnc
39236,,,8.02508,16.455309,5.99,Cnc
39263,,Ome-2,8.028822,25.089465,6.32,Cnc
39424,,Chi,8.058634,27.794332,4.94,Gem
39535,,,8.079251,18.84202,6.21,Cnc
39567,,,8.08458,13.118215,5.14,Cnc
39607,,,8.093627,27.529736,6.21,Cnc
39659,,Mu-1,8.10511,22.63549,5.96,Cnc
39780,,Mu-2,8.129404,21.581816,5.3,Cnc
39874,,,8.145124,13.640917,6.25,Cnc
39958,,,8.159773,29.093076,6.47,Cnc
40007,,,8.170308,25.844481,6.44,Cnc
40023,,Psi,8.174218,25.507334,5.73,Cnc
40058,,,8.183024,14.629474,6.22,Cnc
40085,,,8.187944,9.82123,6.08,Cnc
40167,Tegmine,Zet-2,8.203535,17.647771,4.67,Cnc
40231,,,8.216592,16.51432,6.03,Cnc
40240,,,8.21913,29.656536,5.62,Cnc
40342,,,8.236428,17.675955,6.47,Cnc
40354,,,8.239165,13.048296,6.39,Cnc
40526,Tarf,Bet,8.275256,9.185545,3.53,Cnc
40617,,,8.292125,8.86631,6.28,Cnc
40675,,,8.304006,15.67792,6.42,Cnc
40843,,Chi,8.334406,27.217707,5.13,Cnc
40866,,,8.339158,20.747721,5.8,Cnc
40881,Piautos,Lam,8.34226,24.022314,5.92,Cnc
41117,,,8.3894,18.3322,5.94,Cnc
41163,,,8.39867,10.632063,6.11,Cnc
41319,,,8.430523,17.046267,6.11,Cnc
41325,,,8.43188,7.564506,5.13,Cnc
41377,,Phi-1,8.44103,27.893583,5.58,Cnc
41400,,,8.445539,12.654612,5.56,Cnc
41404,,Phi-2,8.446408,26.935489,6.3,Cnc
41574,,,8.476884,24.144934,6.05,Cnc
41578,,,8.477039,14.210822,5.94,Cnc
41816,,Ups-1,8.525145,24.081105,5.71,Cnc
41822,,The,8.526592,18.09442,5.33,Cnc
41833,,,8.528138,18.987732,6.5,Cnc
41904,,,8.544409,10.066008,6.48,Cnc
41909,,Eta,8.545139,20.441162,5.33,Cnc
41940,,Ups-2,8.55003,24.08479,6.35,Cnc
42010,,,8.562513,13.257311,6.26,Cnc
42049,,,8.570375,8.452339,6.04,Cnc
42172,,,8.597493,6.62022,5.91,Cnc
42187,,,8.602142,15.313632,6.33,Cnc
42265,,,8.61827,9.65558,5.92,Cnc
42365,,,8.638607,32.802021,5.96,Cnc
42462,,,8.656821,8.0176,6.46,Cnc
42516,,,8.66845,20.007788,6.39,Cnc
42538,,,8.671748,31.941898,6.21,Cnc
42549,,,8.672802,19.669938,6.42,Cnc
42556,Meleph,Eps,8.67417,19.544808,6.29,Cnc
42795,,,8.720091,12.680876,5.62,Cnc
42806,Asellus Borealis,Gam,8.721431,21.468501,4.66,Cnc
42911,Asellus Australis,Del,8.74475,18.154309,3.94,Cnc
42917,,,8.745844,10.08167,5.63,Cnc
42954,,,8.755951,30.697752,6.12,Cnc
43103,,Iot,8.778284,28.759898,4.03,Cnc
43121,,,8.782227,12.109952,5.89,Cnc
43427,,,8.845868,18.832183,6.41,Cnc
43454,,,8.850407,15.350651,6.36,Cnc
43575,,,8.874608,28.259159,6.25,Cnc
43584,,Sig-1,8.876284,32.474157,5.67,Cnc
43587,Copernicus,Rho-1,8.876625,28.330819,5.96,Cnc
43721,,,8.904091,30.579115,5.4,Cnc
43811,,,8.923022,17.231276,6.28,Cnc
43834,,Rho-2,8.927689,27.927481,5.23,Cnc
43851,,,8.932097,11.626023,5.44,Cnc
43932,,Sig-2,8.949056,32.91043,5.44,Cnc
43957,,,8.9523,17.143751,6.17,Cnc
43970,,Omi-1,8.954152,15.322762,5.22,Cnc
44001,,Omi-2,8.959777,15.581281,5.68,Cnc
44010,,,8.961673,9.387764,6.19,Cnc
44031,,,8.966295,30.233826,6.25,Cnc
44066,Acubens,Alp,8.974784,11.857701,4.26,Cnc
44126,,,8.986314,18.134867,6.3,Cnc
44148,,,8.990801,13.074391,6.49,Cnc
44154,,Sig-3,8.992405,32.418559,5.23,Cnc
44307,,,9.023369,32.252296,5.89,Cnc
44342,,,9.030234,27.902593,6.07,Cnc
44405,,Nu,9.045629,24.452915,5.45,Cnc
44406,,,9.045783,7.298267,5.85,Cnc
44574,,,9.081968,32.376833,6.46,Cnc
44768,,,9.124143,22.980872,6.39,Cnc
44798,,Kap,9.129115,10.668191,5.23,Cnc
44818,,Tau,9.133348,29.654235,5.42,Cnc
44825,,,9.13449,32.540399,6.47,Cnc
44892,,,9.146483,26.629112,5.95,Cnc
44946,Nahn,Xi,9.155982,22.045446,5.16,Cnc
44984,,,9.162896,11.564377,6.48,Cnc
45033,,,9.172461,21.996415,6.04,Cnc
45058,,,9.177444,30.963139,6.04,Cnc
45170,,Pi-1,9.204878,14.996037,6.49,Cnc
45272,,,9.227017,21.283206,6.48,Cnc
45410,,Pi-2,9.253848,14.941507,5.36,Cnc
45614,,,9.297599,11.501146,6.4,Cnc
45896,,,9.35755,32.902151,6.16,Cnc
46058,,,9.392162,25.18284,6.41,Leo
46146,,Kap,9.410906,26.182324,4.47,Leo
46232,,,9.425695,16.585588,6.31,Leo
46454,,Ome,9.474278,9.056778,5.4,Leo
46457,,,9.474771,8.188298,5.72,Leo
46750,Alterf,Lam,9.528675,22.967971,4.32,Leo
46771,,Xi,9.532428,11.299827,4.99,Leo
46774,,,9.53266,9.715767,5.07,Leo
46891,,,9.555082,28.36794,6.5,Leo
46938,,,9.566429,23.453919,6.26,Leo
47096,,,9.598024,14.379588,6.32,Leo
47168,,,9.611903,31.161734,5.57,Leo
47189,,,9.617384,16.437952,5.73,Leo
47205,,,9.620185,6.835802,5.0,Leo
47508,Subra,Omi,9.685843,9.892308,3.52,Leo
47544,,,9.693087,31.277817,5.9,Leo
47550,,,9.694024,25.912876,6.26,Leo
47701,,,9.725906,29.974473,5.64,Leo
47723,,Psi,9.728862,14.021692,5.36,Leo
47779,,,9.741668,18.863492,6.49,Leo
47908,Ras Elased Australis,Eps,9.764188,23.774255,2.97,Leo
47943,,,9.769457,6.708556,5.8,Leo
47959,,,9.773147,11.810043,5.67,Leo
48023,,,9.789499,23.647686,6.49,Leo
48029,,,9.790546,11.568165,6.44,Leo
48218,,,9.830582,21.179422,6.1,Leo
48324,,,9.850551,13.066239,6.45,Leo
48390,,,9.864732,24.395369,5.29,Leo
48455,Rasalas,Mu,9.879398,26.006951,3.88,Leo
48734,,,9.940549,8.933157,5.85,Leo
48876,,,9.968786,8.313979,6.05,Leo
48883,,Nu,9.970382,12.4448,5.26,Leo
48895,,,9.973902,27.758999,6.48,Leo
48982,,,9.993395,29.645233,5.75,Leo
49029,,Pi,10.003557,8.044223,4.68,Leo
49220,,,10.046931,21.949258,5.68,Leo
49445,,,10.0947,15.757506,6.36,Leo
49583,,Eta,10.122209,16.762664,3.48,Leo
49637,,,10.131742,9.997508,4.39,Leo
49669,Regulus,Alp,10.139532,11.967207,1.36,Leo
49929,,,10.193947,13.355114,6.43,Leo
50109,,,10.230474,27.135819,6.05,Leo
50174,,,10.241598,21.168058,6.02,Leo
50319,,,10.275639,23.503095,5.95,Leo
50333,,,10.277983,13.728334,5.42,Leo
50335,Adhafera,Zet,10.278171,23.417311,3.43,Leo
50336,,,10.278268,25.370705,5.84,Leo
50384,,,10.287378,23.10622,5.81,Leo
50516,,,10.316864,24.712138,6.42,Leo
50564,,,10.328938,19.470914,4.78,Leo
50583,Algieba,Gam-1,10.332873,19.841489,2.01,Leo
50755,,,10.363973,14.975773,6.16,Leo
50851,,,10.383458,6.542643,6.06,Leo
51008,,,10.420887,8.784845,5.61,Leo
51161,,,10.450135,19.364538,6.15,Leo
51213,,,10.460831,9.762396,6.01,Leo
51585,,,10.536604,14.13727,5.43,Leo
51624,,Rho,10.546853,9.306586,3.84,Leo
51775,,,10.580004,6.953749,5.07,Leo
51802,,,10.583933,8.650425,5.67,Leo
52513,,,10.737375,19.758834,6.27,Leo
52660,,,10.768245,6.373183,6.38,Leo
52686,,,10.773484,18.891523,5.5,Leo
52689,,,10.773689,14.194645,5.49,Leo
52911,,,10.820953,10.545202,5.32,Leo
53141,,,10.87047,1.024973,6.37,Leo
53167,,,10.876692,-0.201657,6.31,Leo
53240,,,10.890267,-2.255209,6.12,Leo
53273,,,10.895476,-2.129205,5.45,Leo
53417,,,10.92689,24.749718,4.3,Leo
53423,,,10.928444,0.736922,5.91,Leo
53449,,,10.933742,6.185371,5.91,Leo
53472,,,10.938015,22.351682,6.17,Leo
53807,,,11.009347,3.617494,4.84,Leo
53824,,,11.012445,6.101449,4.98,Leo
53907,,,11.030465,-2.484585,4.73,Leo
53954,,,11.038827,20.179842,4.42,Leo
54027,,,11.054039,-0.752344,6.12,Leo
54049,,,11.060164,-0.000833,5.95,Leo
54182,,Chi,11.083619,7.336007,4.62,Leo
54319,,,11.11223,17.737364,6.4,Leo
54336,,,11.115058,1.955525,5.52,Leo
54388,,,11.127696,23.323762,6.48,Leo
54487,,,11.146969,24.658464,5.7,Leo
54688,,,11.195488,14.400153,6.3,Leo
54849,,,11.22932,-0.069502,5.4,Leo
54863,,,11.233843,8.060695,5.79,Leo
54872,Zosma,Del,11.235138,20.523717,2.56,Leo
54879,Chertan,The,11.237335,15.42957,3.33,Leo
54951,,,11.253397,23.095502,4.56,Leo
55016,,,11.264417,13.307578,5.31,Leo
55084,,Phi,11.277695,-3.651601,4.45,Leo
55137,,,11.288167,2.010556,5.18,Leo
55249,,,11.315266,1.650395,5.9,Leo
55434,,Sig,11.352276,6.029322,4.05,Leo
55595,,,11.38832,0.13205,6.05,Leo
55642,,Iot,11.398736,10.529509,4.0,Leo
55650,,,11.400646,1.407765,5.39,Leo
55716,,,11.416369,11.430292,5.8,Leo
55765,,,11.426771,16.456539,5.58,Leo
55791,,,11.430571,3.86011,6.35,Leo
55846,,,11.445923,3.013102,6.49,Leo
55941,,,11.464919,-1.699946,6.23,Leo
55945,,Tau,11.465622,2.856265,4.95,Leo
56080,,,11.494957,15.413269,5.74,Leo
56127,,,11.505248,-3.003501,4.77,Leo
56146,,,11.508065,18.409801,5.54,Leo
56242,,,11.529153,14.364505,6.27,Leo
56388,,,11.560096,2.499034,6.49,Leo
56445,,,11.572764,3.060165,5.76,Leo
56473,,,11.57847,16.796915,5.95,Leo
56500,,,11.583029,-4.361291,6.43,Leo
56508,Formosa,,11.584377,20.441545,6.45,Leo
56601,,,11.604987,27.781351,5.8,Leo
56647,,Ups,11.615814,-0.823749,4.3,Leo
56756,,,11.636064,8.883792,6.18,Vir
56775,,,11.640019,-2.435901,6.22,Vir
56779,,Ome,11.641002,8.134298,5.24,Vir
56975,,,11.679742,21.35273,5.26,Leo
57214,,,11.731978,-6.677162,6.05,Vir
57240,,,11.73699,25.218327,6.02,Leo
57328,,Xi,11.754733,8.258119,4.84,Vir
57380,,Nu,11.764322,6.529376,4.04,Vir
57562,,,11.798584,8.245895,5.31,Vir
57565,,,11.799762,20.218931,4.5,Leo
57606,,,11.810753,14.28421,5.9,Leo
57629,,,11.817023,-0.31867,6.15,Vir
57632,Denebola,Bet,11.817663,14.57206,2.14,Leo
57646,,,11.820774,16.242882,6.05,Leo
57757,Zavijava,Bet,11.844922,1.764718,3.59,Vir
57779,,,11.848706,12.279037,6.37,Leo
57791,,,11.85062,-5.333332,5.62,Vir
58002,,,11.897299,0.552114,6.31,Vir
58110,,,11.917537,8.443943,5.58,Vir
58159,,,11.927926,15.646818,5.53,Leo
58445,,,11.98426,0.53068,6.18,Vir
58450,,,11.985936,-10.475896,6.49,Vir
58510,,,11.999142,3.655197,5.36,Vir
58576,,,12.012347,-10.446014,5.54,Vir
58590,,Pi,12.014553,6.614322,4.65,Vir
58603,,,12.017149,-1.768166,6.32,Vir
58741,,,12.047684,-7.683623,6.24,Vir
58809,,,12.062345,5.55775,6.39,Vir
58948,,Omi,12.086817,8.732985,4.12,Vir
59010,,,12.099948,-3.131591,6.37,Vir
59285,,,12.161475,1.897889,5.95,Vir
59309,,,12.167616,5.807008,5.72,Vir
59608,,,12.223872,10.262341,5.85,Vir
59750,,,12.252933,-10.3124,6.11,Vir
60030,,,12.311199,-0.787184,5.9,Vir
60129,Zaniah,Eta,12.331766,-0.666803,3.89,Vir
60172,,,12.339161,3.312574,4.97,Vir
60353,,,12.375566,5.305444,6.46,Vir
60418,,,12.387602,-4.974503,6.47,Vir
60595,,,12.419935,-11.61059,5.95,Vir
60804,,,12.461689,8.610344,6.36,Vir
60813,,,12.464319,-4.615277,6.23,Vir
61103,,,12.522616,7.604309,6.05,Vir
61134,,,12.527423,-5.052592,6.19,Vir
61246,,,12.5508,10.295671,6.29,Vir
61318,,,12.562986,-9.452077,5.48,Vir
61558,,,12.613154,-5.831898,5.88,Vir
61637,,,12.63456,3.282444,6.33,Vir
61658,,,12.639557,1.854662,5.68,Vir
61740,,Chi,12.654102,-7.995564,4.66,Vir
61937,,,12.692887,10.42627,6.22,Vir
61941,Porrima,Gam,12.694345,-1.449375,2.74,Vir
61960,,Rho,12.698071,10.235625,4.88,Vir
61968,,,12.699199,6.806617,5.57,Vir
62103,,,12.727236,-1.576996,5.91,Vir
62267,,,12.760294,7.673326,5.22,Vir
62325,,,12.772928,9.539684,5.65,Vir
62376,,,12.783974,5.950373,6.31,Vir
62394,,,12.787123,11.958088,6.11,Vir
62421,,,12.792618,-6.301752,6.27,Vir
62443,,,12.797614,3.572716,6.42,Vir
62743,,,12.856369,-10.338219,6.48,Vir
62757,,,12.860247,3.056788,6.02,Vir
62875,,,12.886433,-3.553098,6.11,Vir
62915,,,12.893923,-4.224662,6.45,Vir
62933,,,12.897142,12.418416,6.25,Vir
62983,,,12.905184,-11.64857,6.0,Vir
62985,,Psi,12.905879,-9.538994,4.77,Vir
63090,Minelauva,Del,12.926725,3.39747,3.39,Vir
63220,,,12.95352,-12.066947,6.33,Vir
63414,,,12.99431,-3.811926,5.79,Vir
63494,,,13.009985,-3.368488,5.99,Vir
63608,Vindemiatrix,Eps,13.036278,10.95915,2.85,Vir
63738,,,13.062808,-20.583497,5.58,Vir
64078,,,13.131614,-10.740408,5.15,Vir
64122,,,13.142352,-8.984385,5.57,Vir
64179,,,13.153454,10.022468,5.79,Vir
64181,,,13.153955,-9.538098,6.32,Vir
64224,,,13.162578,-10.329327,5.95,Vir
64238,,The,13.165831,-5.53901,4.38,Vir
64407,,,13.200984,-16.198601,5.04,Vir
64445,,,13.209145,11.556096,5.76,Vir
64520,,,13.224121,-18.826406,6.26,Vir
64577,,,13.236361,-19.930947,5.31,Vir
64607,,,13.242023,11.331656,5.64,Vir
64725,,,13.266322,-19.943103,5.21,Vir
64792,,,13.279588,9.424156,5.19,Vir
64823,,,13.287674,13.675751,5.33,Vir
64838,,,13.291626,-0.676065,6.36,Vir
64852,,Sig,13.293412,5.469869,4.78,Vir
64924,,,13.306763,-18.311196,4.74,Vir
65119,,,13.34488,2.94229,6.26,Vir
65183,,,13.35827,-19.489294,6.21,Vir
65198,,,13.361567,2.087243,5.69,Vir
65241,,,13.369358,5.154764,5.89,Vir
65301,,,13.383643,-17.735274,5.36,Vir
65323,,,13.388582,-4.924427,5.88,Vir
65381,,,13.39919,-20.924587,6.44,Vir
65417,,,13.408481,12.431832,6.44,Vir
65420,,,13.40923,-5.16401,5.76,Vir
65474,Spica,Alp,13.419883,-11.161322,0.98,Vir
65545,,,13.436504,-1.192471,5.97,Vir
65581,,,13.445325,-12.707664,5.27,Vir
65639,,,13.457546,-15.973578,4.76,Vir
65721,,,13.473837,13.778787,4.97,Vir
65790,,,13.486945,10.81831,5.65,Vir
65796,,,13.487477,-1.364428,6.42,Vir
65862,,,13.500022,7.178853,6.18,Vir
65892,,,13.507146,-6.470265,6.1,Vir
66006,,,13.532746,-6.255816,4.68,Vir
66015,,,13.534114,-18.72888,6.01,Vir
66091,,,13.547679,-15.363012,5.52,Vir
66098,,,13.549465,-10.165,5.21,Vir
66200,,,13.56887,3.658967,4.92,Vir
66247,,,13.577903,-13.214324,5.92,Vir
66249,Heze,Zet,13.57822,-0.59582,3.38,Vir
66320,,,13.592027,-5.396191,5.7,Vir
66326,,,13.592618,10.204962,6.48,Vir
66803,,,13.693549,-8.702984,5.03,Vir
66936,,,13.717698,3.537903,5.35,Vir
67057,,,13.741618,-16.179072,5.55,Vir
67139,,,13.759741,-15.767467,6.18,Vir
67172,,,13.765644,-12.426528,5.5,Vir
67246,,,13.782534,6.350375,6.33,Vir
67271,,,13.787057,-9.709455,6.04,Vir
67288,,,13.790386,-17.859839,5.41,Vir
67494,,,13.831191,-18.134168,4.96,Vir
67545,,,13.840189,5.497224,6.0,Vir
67929,,,13.911707,-1.503125,5.16,Vir
67953,,,13.916167,-8.058852,6.19,Vir
68092,,,13.941077,1.050581,5.9,Vir
68380,,,13.997022,-3.549788,6.36,Vir
68520,,Tau,14.027443,1.544532,4.23,Vir
68643,,,14.051132,-17.367012,6.32,Vir
68705,,,14.064747,-22.421602,6.3,Vir
68707,,,14.065488,4.900973,6.24,Vir
68739,,,14.070711,-5.381416,6.39,Vir
68763,,,14.074161,-14.971708,6.35,Vir
68776,,,14.077063,2.297531,6.28,Vir
68940,,,14.111896,-9.313515,5.46,Vir
69127,,,14.150165,-10.334546,6.45,Vir
69269,,,14.18069,-16.30203,4.93,Vir
69340,,,14.192001,1.362399,6.42,Vir
69389,,,14.20439,2.409433,4.99,Vir
69427,Kang,Kap,14.214929,-10.273702,4.18,Vir
69493,,,14.227997,-0.845463,5.89,Vir
69564,,,14.239253,-5.947717,6.36,Vir
69614,,,14.248061,3.335878,6.41,Vir
69658,,,14.256691,-18.20069,5.53,Vir
69701,Syrma,Iot,14.266908,-6.000547,4.07,Vir
69727,,,14.272606,-6.621544,6.44,Vir
69747,,,14.275046,-3.196305,6.15,Vir
69773,,,14.280204,-8.884473,6.47,Vir
69792,,,14.284386,-18.5857,6.22,Vir
69881,,,14.300201,-7.542388,6.47,Vir
69929,,,14.310627,-18.715968,5.86,Vir
69974,Khambalia,Lam,14.318498,-13.371095,4.52,Vir
70012,,Ups,14.325689,-2.265518,5.14,Vir
70022,,,14.328042,0.384333,6.18,Vir
70038,,,14.331445,-6.746167,6.42,Vir
70319,,,14.387579,1.241569,6.25,Vir
70336,,,14.390452,-11.714043,6.22,Lib
70400,,,14.403151,5.820131,5.1,Vir
70452,,,14.411348,-11.669703,6.49,Lib
70469,,,14.413508,-24.80631,5.34,Lib
70501,,,14.421554,-13.353163,6.49,Lib
70680,,,14.456774,-6.120332,6.18,Vir
70755,Elgafar,Phi,14.470038,-2.227957,4.81,Vir
70794,,,14.478256,-6.900536,5.42,Vir
70894,,,14.497366,0.828929,5.96,Vir
70949,,,14.512608,4.772286,6.01,Vir
71295,,,14.580758,-20.439381,6.49,Lib
71469,,,14.616608,-12.305349,6.2,Lib
71510,,,14.624574,2.277238,6.45,Vir
71957,,Mu,14.717673,-5.658207,3.87,Vir
71974,,,14.720431,-24.997753,5.7,Lib
72122,,,14.753252,-1.417529,6.06,Vir
72154,,,14.75839,0.717271,5.68,Vir
72194,,,14.766044,-15.459541,6.33,Lib
72210,,,14.768547,-23.153018,5.8,Lib
72217,,,14.76969,-21.175966,6.43,Lib
72220,,,14.770812,1.892885,3.73,Vir
72310,,,14.787125,-21.324871,6.05,Lib
72373,,,14.798597,-12.840007,6.34,Lib
72449,,,14.815026,-0.847655,6.15,Lib
72488,,,14.821874,-24.25147,5.68,Lib
72489,,Mu,14.821959,-14.149022,5.32,Lib
72603,,Alp-1,14.844773,-15.997237,5.15,Lib
72622,Zubenelgenubi,Alp-2,14.847977,-16.041778,2.75,Lib
72629,,,14.850026,-0.257491,6.18,Vir
72631,,,14.850298,-2.29915,4.93,Lib
72702,,,14.864252,-18.355325,6.27,Lib
72929,,,14.905592,-24.642202,5.27,Lib
72934,,Xi-1,14.906354,-11.898348,5.78,Lib
73133,,Xi-2,14.946142,-11.409701,5.48,Lib
73165,,,14.953055,-4.346462,4.47,Lib
73184,,,14.957765,-21.415475,5.72,Lib
73193,,,14.959236,-0.167612,5.51,Vir
73309,,,14.981329,-4.989256,6.08,Lib
73310,,,14.98155,-11.144014,5.88,Lib
73350,,,14.989754,4.567761,5.91,Vir
73473,,Del,15.016208,-8.518943,4.91,Lib
73497,,,15.022174,-2.754927,5.52,Lib
73536,,,15.030255,-0.140295,5.71,Vir
73571,,,15.035715,-7.575299,6.38,Lib
73620,,,15.048344,2.091303,4.39,Vir
73714,Brachium,Sig,15.067839,-25.281965,3.25,Lib
73927,,,15.107539,-22.03183,6.13,Lib
73945,,Nu,15.110444,-16.256818,5.19,Lib
73953,,,15.113628,-16.484361,6.41,Lib
74026,,,15.127868,5.498035,6.16,Vir
74239,,,15.171843,-26.332621,5.75,Lib
74391,,,15.203337,-19.106482,6.49,Lib
74392,,Iot-1,15.203692,-19.79171,4.54,Lib
74490,,,15.221503,-24.008322,6.47,Lib
74493,,Iot-2,15.221997,-19.647572,6.07,Lib
74500,,,15.224637,-25.309347,6.47,Lib
74539,,,15.231476,-26.193569,5.84,Lib
74600,,,15.242711,-17.768572,6.18,Lib
74623,,,15.247388,-5.502555,6.28,Lib
74732,,,15.273059,-22.399416,5.52,Lib
74785,Zubeneschamali,Bet,15.283449,-9.382917,2.61,Lib
75110,,,15.348244,-18.158658,6.16,Lib
75118,,Omi,15.350382,-15.548342,6.14,Lib
75127,,,15.352114,-5.824853,5.54,Lib
75272,,,15.379224,-29.341935,6.5,Lib
75294,,,15.383829,-15.134036,6.46,Lib
75352,,,15.397844,-12.369501,5.72,Lib
75379,,Eps,15.403303,-10.322266,4.92,Lib
75730,,Zet-1,15.470947,-16.716484,5.64,Lib
75790,,,15.482962,-28.866891,6.43,Lib
75939,,,15.51007,-20.728553,6.2,Lib
75944,,Zet-3,15.511223,-16.609464,5.82,Lib
76033,,,15.528725,-20.164922,6.28,Lib
76106,,,15.543528,-19.67046,5.5,Lib
76126,,Zet-4,15.548673,-16.852844,5.53,Lib
76143,,,15.552644,-24.490433,6.26,Lib
76219,,,15.569638,-10.064529,4.61,Lib
76243,,,15.574032,-9.183416,5.16,Lib
76259,,,15.577033,-28.046983,5.13,Lib
76333,Zubenelhakrabi,Gam,15.592105,-14.789537,3.91,Lib
76470,,Ups,15.61707,-28.135079,3.6,Lib
76503,,,15.624583,-26.279864,6.19,Lib
76532,,,15.630011,-23.141698,5.79,Lib
76567,,,15.637725,-28.206666,6.32,Lib
76569,,,15.637855,-21.016327,5.82,Lib
76600,,Tau,15.64427,-29.777754,3.66,Lib
76603,,,15.644467,-8.79149,6.45,Lib
76628,,,15.648488,-19.301892,5.36,Lib
76666,,,15.655937,-23.150224,6.33,Lib
76742,,,15.67136,-23.818078,4.97,Lib
76880,,Kap,15.699111,-19.678828,4.75,Lib
77007,,,15.723572,-15.04323,6.3,Lib
77060,,Eta,15.734556,-15.672834,5.41,Lib
77235,,,15.770238,-28.061481,6.49,Lib
77287,,,15.779285,-6.120355,6.24,Lib
77464,,,15.815777,-3.818513,5.53,Lib
77635,,,15.849652,-25.751295,4.63,Sco
77689,,,15.860666,-14.133584,6.2,Lib
77811,,Lam,15.888905,-20.16704,5.04,Lib
77840,,,15.893533,-25.327142,4.59,Sco
77853,,The,15.897093,-16.729293,4.13,Lib
77858,,,15.89831,-24.533157,5.38,Sco
77859,,,15.898851,-23.978094,5.41,Sco
77900,,,15.908364,-27.338639,6.15,Sco
77909,,,15.910981,-25.243741,5.87,Sco
77939,,,15.916768,-19.382926,5.95,Lib
77984,,,15.925023,-26.265993,5.63,Sco
78059,,,15.937342,-14.399402,6.32,Lib
78078,,,15.942604,-14.829438,6.11,Lib
78104,Iklil,Rho,15.948077,-29.214073,3.87,Sco
78168,,,15.96124,-20.98308,5.84,Sco
78207,,,15.969825,-14.279358,4.95,Lib
78246,,,15.976352,-24.831488,5.43,Sco
78265,Fang,Pi,15.980865,-26.114105,2.89,Sco
78400,,,16.005447,-16.53335,5.47,Lib
78401,Dschubba,Del,16.005557,-22.62171,2.29,Sco
78436,,,16.013231,-8.411353,5.53,Lib
78575,,,16.044283,-29.1358,6.07,Sco
78650,,,16.05573,-25.86524,4.96,Sco
78699,,,16.065195,-24.726312,6.22,Sco
78820,Acrab,Bet-1,16.09062,-19.805453,2.56,Sco
78821,Acrab B,Bet-2,16.09071,-19.80186,4.9,Sco
78877,,,16.101772,-23.606315,5.9,Sco
78933,,Ome-1,16.113452,-20.669192,3.93,Sco
78955,,,16.117604,-14.071292,6.32,Sco
78990,,Ome-2,16.123424,-20.868764,4.31,Sco
79005,,,16.126782,-12.74541,5.75,Sco
79031,,,16.13108,-24.462349,6.32,Sco
79050,,,16.135439,-26.326679,5.35,Sco
79098,,,16.145478,-23.685416,5.86,Sco
79173,,,16.158818,-32.649012,6.18,Sco
79199,,,16.164609,-33.545805,5.5,Sco
79203,,,16.165354,-18.34062,6.43,Sco
79302,,,16.18391,-29.41622,5.09,Sco
79320,,,16.188256,-41.119803,5.86,Sco
79374,Jabbah,Nu,16.199926,-19.460708,4.0,Sco
79375,,Psi,16.199997,-10.064253,4.93,Sco
79387,,,16.202032,-8.547576,5.43,Sco
79399,,,16.204456,-28.417305,5.67,Sco
79404,,,16.205057,-27.926372,4.58,Sco
79530,,,16.229305,-24.422092,6.4,Sco
79540,,Chi,16.230807,-11.837747,5.24,Sco
79596,,,16.239546,-33.011088,5.91,Sco
79599,,,16.241357,-21.107636,6.41,Sco
79605,,,16.244235,-18.535649,6.32,Sco
79622,,,16.248175,-25.476976,6.06,Sco
79672,,,16.260352,-8.369442,5.49,Sco
79692,,,16.264304,-14.849115,6.09,Sco
79788,,,16.283111,-20.104088,6.4,Sco
79881,,,16.304973,-28.61402,4.8,Sco
79938,,,16.316783,-14.872825,5.97,Sco
79945,,,16.318811,-20.218072,6.29,Sco
79980,,,16.325758,-30.906716,5.53,Sco
80066,,,16.342394,-39.430344,6.11,Sco
80079,,Omi,16.343939,-24.16932,4.55,Sco
80112,Alniyat,Sig,16.353143,-25.592796,2.9,Sco
80324,,,16.399089,-33.199396,6.45,Sco
80337,,,16.400355,-39.19298,5.37,Sco
80390,,,16.408821,-37.566044,5.42,Sco
80399,,,16.411046,-29.704663,5.4,Sco
80672,,,16.470685,-37.179881,5.79,Sco
80763,Antares,Alp,16.490128,-26.432002,1.06,Sco
80815,,,16.503466,-25.115224,4.79,Sco
80910,,,16.523015,-26.537643,6.07,Sco
80911,,,16.523037,-34.704366,4.24,Sco
80945,,,16.528269,-41.817145,5.31,Sco
81198,,,16.585487,-45.244366,6.43,Sco
81266,Paikauhale,Tau,16.598043,-28.216016,2.82,Sco
81304,,,16.606242,-35.255326,4.18,Sco
81305,,,16.606268,-42.858861,5.46,Sco
81472,,,16.640637,-43.398426,5.83,Sco
81523,,,16.651452,-37.21737,5.93,Sco
81741,,,16.695961,-33.145759,5.84,Sco
81803,,,16.708082,-37.079353,6.47,Sco
81891,,,16.727423,-32.105945,6.46,Sco
81903,,,16.729357,-41.119204,6.21,Sco
81904,,,16.729888,-38.156346,6.05,Sco
81914,,,16.731689,-41.113344,6.14,Sco
81972,,,16.745165,-40.839675,5.64,Sco
81992,,,16.750053,-28.509657,5.99,Sco
82135,,,16.779989,-39.376962,5.48,Sco
82396,Larawag,Eps,16.83608,-34.293232,2.29,Sco
82453,,,16.85001,-37.514512,6.1,Sco
82493,,,16.859367,-41.230534,5.23,Sco
82514,Xamidimura,Mu-1,16.864509,-38.04738,3.0,Sco
82543,,,16.872013,-41.854514,6.36,Sco
82545,Pipirima,Mu-2,16.872263,-38.017536,3.56,Sco
82554,,,16.874283,-40.723153,6.35,Sco
82650,,,16.895119,-43.050968,5.95,Sco
82669,,,16.899682,-41.994327,6.28,Sco
82671,,Zet-1,16.899924,-42.362025,4.7,Sco
82676,,,16.90051,-41.806389,5.46,Sco
82691,,,16.902795,-41.82504,6.07,Sco
82716,,,16.907484,-42.478891,5.84,Sco
82729,,Zet-2,16.909731,-42.361313,3.62,Sco
82731,,,16.909988,-30.58734,6.34,Sco
82775,,,16.916251,-41.150858,5.78,Sco
82783,,,16.917592,-42.090831,6.3,Sco
82855,,,16.932708,-33.506873,6.29,Sco
82911,,,16.943327,-40.823453,6.18,Sco
82960,,,16.953104,-33.259492,5.48,Sco
83100,,,16.981183,-37.620508,6.05,Sco
83202,,,17.003958,-44.988548,6.5,Sco
83235,,,17.010275,-35.934133,5.95,Sco
83336,,,17.03129,-32.143519,5.03,Sco
83491,,,17.064146,-38.152572,5.91,Sco
83499,,,17.06577,-37.844143,6.48,Sco
83574,,,17.080376,-34.12293,4.83,Sco
83594,,,17.084826,-45.502127,6.28,Sco
83650,,,17.096798,-44.105042,6.18,Sco
83693,,,17.105608,-37.22759,5.98,Sco
83706,,,17.10788,-35.451046,6.15,Sco
83896,,,17.146539,-30.40373,5.93,Sco
84033,,,17.178425,-44.557719,5.06,Sco
84143,,Eta,17.202552,-43.239189,3.32,Sco
84150,,,17.204502,-39.506949,5.66,Sco
84151,,,17.204601,-38.822535,6.3,Sco
84226,,,17.216266,-32.438332,5.95,Sco
84332,,,17.241015,-39.76665,6.42,Sco
84401,,,17.255346,-33.54842,5.6,Sco
84425,,,17.259994,-38.593896,5.95,Sco
84445,,,17.264264,-30.210731,6.2,Sco
84489,,,17.272671,-35.750297,6.09,Sco
84551,,,17.284349,-32.66284,5.53,Sco
84556,,,17.284872,-44.778595,6.46,Sco
84650,,,17.305697,-32.553107,6.36,Sco
84690,,,17.313287,-44.129746,5.76,Sco
84709,,,17.315842,-34.989792,5.91,Sco
85019,,,17.37721,-35.910699,6.42,Sco
85020,,,17.37756,-37.804637,6.33,Sco
85048,,,17.381874,-37.220786,5.91,Sco
85162,,,17.403636,-44.162576,5.1,Sco
85237,,,17.417408,-34.696055,6.14,Sco
85543,,,17.482247,-36.77828,5.98,Sco
85549,,,17.483573,-43.973919,6.3,Sco
85589,,,17.490447,-38.51692,6.38,Sco
85696,Lesath,Ups,17.512732,-37.295811,2.7,Sco
85786,,,17.529822,-33.703158,6.43,Sco
85839,,,17.540175,-34.279405,6.16,Sco
85889,,,17.552052,-41.173066,5.84,Sco
85927,Shaula,Lam,17.560145,-37.103821,1.62,Sco
86011,,,17.57847,-32.581662,5.69,Sco
86098,,,17.595297,-37.439878,6.48,Sco
86170,,,17.609121,-38.635308,4.26,Sco
86228,Sargas,The,17.62198,-42.997824,1.86,Sco
86246,,,17.624144,-38.066364,6.26,Sco
86311,,,17.635678,-42.880274,6.09,Sco
86527,,,17.68293,-32.214464,6.01,Sco
86670,,Kap,17.708132,-39.029983,2.39,Sco
86698,,,17.714194,-36.945564,5.53,Sco
86716,,,17.718573,-33.051289,6.44,Sco
86847,,,17.745002,-42.729302,5.87,Sco
87042,,,17.785359,-38.112164,6.41,Sco
87072,,,17.792674,-27.830788,4.53,Sgr
87073,,Iot-1,17.793078,-40.126997,2.99,Sco
87099,,,17.796,-22.477791,6.18,Sgr
87163,,,17.807732,-26.974945,6.31,Sgr
87220,,,17.819577,-31.703203,4.79,Sco
87261,Fuyue,,17.830965,-37.043304,3.19,Sco
87294,,Iot-2,17.83642,-40.090435,4.78,Sco
87390,,,17.85904,-40.772461,5.94,Sco
87460,,,17.870461,-34.799196,5.88,Sco
87472,,,17.872156,-34.416842,5.84,Sco
87516,,,17.88034,-34.114833,6.05,Sco
87523,,,17.881265,-41.996522,6.19,Sco
87532,,,17.882668,-35.624314,6.03,Sco
87567,,,17.888772,-34.730812,6.14,Sco
87569,,,17.889853,-34.895125,5.58,Sco
87616,,,17.898548,-34.752721,6.0,Sco
87624,,,17.899482,-34.831053,6.41,Sco
87671,,,17.907534,-34.466722,6.1,Sco
87706,,,17.915012,-24.887095,6.18,Sgr
87722,,,17.918897,-36.475645,6.05,Sco
87782,,,17.931936,-18.802154,6.48,Sgr
87836,,,17.944955,-28.065394,5.76,Sgr
87846,,,17.946507,-44.342246,4.85,Sco
87865,,,17.948861,-40.305643,6.46,Sco
87936,,,17.963279,-41.716295,4.88,Sco
87948,,,17.966053,-39.136523,6.28,Sco
88012,,,17.977514,-28.759089,5.99,Sgr
88038,,,17.982135,-36.858376,5.74,Sgr
88060,,,17.9848,-30.253025,5.0,Sgr
88116,,,17.996543,-23.816133,4.74,Sgr
88125,,,18.000023,-20.339548,6.22,Sgr
88258,,,18.023089,-17.156868,6.27,Sgr
88294,,,18.030083,-36.377864,6.3,Sgr
88298,,,18.031772,-22.780298,5.72,Sgr
88380,,,18.047527,-24.282468,5.37,Sgr
88469,,,18.064568,-24.36073,5.89,Sgr
88550,,,18.080662,-35.901442,5.98,Sgr
88567,,Gam-1,18.083674,-29.580087,4.66,Sgr
88635,Alnasl,Gam-2,18.096803,-30.424091,2.98,Sgr
88694,,,18.106585,-36.019788,5.94,Sgr
88760,,,18.11982,-21.443938,6.22,Sgr
88816,,,18.130095,-17.154159,5.52,Sgr
88839,,,18.134716,-28.457093,4.55,Sgr
88876,,,18.144052,-21.449562,6.42,Sgr
89010,,,18.166656,-32.719635,6.39,Sgr
89020,,,18.168281,-30.728666,5.53,Sgr
89086,,,18.182041,-33.80007,6.13,Sgr
89114,,,18.18744,-19.841958,6.33,Sgr
89153,,,18.19537,-23.701235,4.96,Sgr
89341,Polis,Mu,18.229392,-21.058834,3.84,Sgr
89369,,,18.23775,-21.713164,5.49,Sgr
89439,,,18.253585,-20.72827,5.29,Sgr
89440,,,18.253603,-20.387974,5.96,Sgr
89470,,,18.258546,-18.661577,6.05,Sgr
89609,,,18.286563,-17.373886,5.81,Sgr
89620,,,18.289928,-28.288975,6.36,Sgr
89622,,,18.290024,-28.652065,6.18,Sgr
89637,,,18.293402,-34.107258,6.03,Sgr
89642,,Eta,18.293793,-36.761686,3.1,Sgr
89678,,,18.300886,-27.042641,4.66,Sgr
89931,Kaus Media,Del,18.3499,-29.828103,2.72,Sgr
89968,,,18.356385,-18.859999,5.76,Sgr
89980,,,18.358713,-24.915276,6.19,Sgr
90012,,,18.366705,-28.429962,6.15,Sgr
90074,,,18.38141,-36.669556,5.33,Sgr
90124,,,18.39134,-36.237987,5.52,Sgr
90185,Kaus Australis,Eps,18.402868,-34.384616,1.79,Sgr
90260,,,18.417066,-30.75657,5.58,Sgr
90289,,,18.422511,-20.541679,4.81,Sgr
90290,,,18.422688,-35.992025,6.14,Sgr
90336,,,18.431835,-33.945718,6.3,Sgr
90478,,,18.462154,-26.634845,6.31,Sgr
90485,,,18.463745,-29.816865,5.9,Sgr
90494,,,18.465689,-17.800357,6.19,Sgr
90496,Kaus Borealis,Lam,18.466179,-25.4217,2.82,Sgr
90510,,,18.46838,-26.757245,6.28,Sgr
90687,,,18.503295,-18.728794,5.63,Sgr
90763,,,18.518012,-32.989114,5.37,Sgr
90806,,,18.523971,-18.402697,5.12,Sgr
91004,,,18.564857,-24.032283,5.49,Sgr
91014,,,18.566046,-33.01656,5.28,Sgr
91132,,,18.589258,-20.840442,6.49,Sgr
91172,,,18.599901,-29.699104,6.36,Sgr
91347,,,18.631785,-21.397725,5.93,Sgr
91405,,,18.641865,-23.504893,5.78,Sgr
91438,,,18.648168,-21.051871,5.85,Sgr
91689,,,18.697674,-23.833423,6.22,Sgr
91781,,,18.715305,-19.284209,6.32,Sgr
91901,,,18.73554,-36.718335,6.31,Sgr
91918,,,18.738711,-35.641987,4.86,Sgr
91974,,,18.747112,-25.010914,5.82,Sgr
92016,,,18.755182,-21.001615,6.35,Sgr
92041,,Phi,18.76094,-26.990778,3.17,Sgr
92079,,,18.766985,-19.606357,6.34,Sgr
92111,,,18.772391,-22.392176,5.37,Sgr
92301,,,18.812614,-18.60115,6.46,Sgr
92390,,,18.827807,-20.324656,5.22,Sgr
92480,,,18.847359,-22.16219,6.29,Sgr
92635,,,18.874532,-26.65077,6.28,Sgr
92643,,,18.876957,-29.379676,6.12,Sgr
92747,,,18.900025,-21.359845,5.68,Sgr
92761,Ainalrami,Nu-1,18.902827,-22.744834,4.86,Sgr
92845,,Nu-2,18.918649,-22.671328,5.0,Sgr
92855,Nunki,Sig,18.92109,-26.296722,2.05,Sgr
92882,,,18.92528,-16.376635,5.56,Sgr
92931,,,18.93352,-23.173751,5.91,Sgr
92972,,,18.940899,-31.689025,6.45,Sgr
93057,,Xi-1,18.955688,-20.656346,5.02,Sgr
93085,,Xi-2,18.962167,-21.106654,3.52,Sgr
93134,,,18.972579,-31.035975,6.09,Sgr
93140,,,18.973564,-22.529493,6.14,Sgr
93225,,,18.989945,-12.840517,5.51,Sgr
93234,,,18.990772,-18.566433,6.37,Sgr
93315,,,19.006892,-24.942171,6.35,Sgr
93418,,,19.025977,-15.282617,6.31,Sgr
93423,,,19.02715,-22.695364,6.25,Sgr
93498,,,19.041022,-24.846826,5.63,Sgr
93506,Ascella,Zet,19.043532,-29.880105,2.6,Sgr
93537,,,19.051057,-19.245686,5.96,Sgr
93543,,,19.051944,-19.103024,6.37,Sgr
93667,,,19.073627,-31.047079,5.49,Sgr
93683,,Omi,19.07805,-21.741496,3.76,Sgr
93763,,,19.094772,-15.660419,5.93,Sgr
93855,,,19.114477,-16.229276,6.0,Sgr
93864,,Tau,19.11567,-27.670423,3.32,Sgr
93887,,,19.118979,-18.738171,6.28,Sgr
93925,,,19.125234,-28.6368,6.05,Sgr
93993,,,19.137378,-24.657369,6.3,Sgr
93996,,,19.137973,-19.290289,5.56,Sgr
94141,Albaldah,Pi,19.162731,-21.023615,2.88,Sgr
94144,,,19.163374,-19.803657,6.11,Sgr
94272,,,19.188559,-29.502293,6.28,Sgr
94372,,,19.207788,-21.658382,6.39,Sgr
94434,,,19.220463,-25.906786,5.79,Sgr
94437,,,19.220979,-12.282584,5.51,Sgr
94643,,Psi,19.259007,-25.256682,4.86,Sgr
94645,Gumala,,19.259228,-24.179352,6.25,Sgr
94820,,,19.293911,-18.952908,4.88,Sgr
94929,,,19.316694,-15.53657,6.09,Sgr
94986,,,19.327776,-35.421452,5.59,Sgr
95077,,,19.34393,-22.402535,5.59,Sgr
95149,,,19.358263,-34.983487,6.48,Sgr
95159,,,19.360309,-19.234446,6.25,Sgr
95168,,Rho-1,19.361211,-17.847197,3.92,Sgr
95176,,Ups,19.362117,-15.955018,4.52,Sgr
95188,,Rho-2,19.364137,-18.308388,5.84,Sgr
95211,,,19.369316,-42.016026,6.33,Sgr
95241,Arkab Prior,Bet-1,19.377303,-44.458965,3.96,Sgr
95294,Arkab Posterior,Bet-2,19.386976,-44.799778,4.27,Sgr
95347,Rukbat,Alp,19.398103,-40.61594,3.96,Sgr
95396,,,19.405964,-43.722063,6.13,Sgr
95408,,,19.408383,-27.865945,6.03,Sgr
95456,,,19.41779,-29.309359,5.91,Sgr
95477,,Chi-1,19.421247,-24.508575,5.02,Sgr
95485,,,19.422665,-13.89713,5.72,Sgr
95503,,Chi-3,19.424906,-23.962457,5.45,Sgr
95557,,,19.4364,-15.053251,5.71,Sgr
95564,,,19.438654,-21.776693,5.57,Sgr
95619,,,19.449022,-29.743225,5.66,Sgr
95823,,,19.489951,-43.445195,5.7,Sgr
95865,,,19.497829,-26.985615,5.46,Sgr
95965,,,19.515013,-21.312237,6.11,Sgr
96095,,,19.537231,-44.546387,6.48,Sgr
96234,,,19.569024,-40.034638,5.89,Sgr
96365,,,19.592628,-12.253114,6.27,Sgr
96406,,,19.600459,-24.719081,5.64,Sgr
96440,,,19.607243,-18.852921,6.13,Sgr
96465,,,19.611786,-24.883623,4.59,Sgr
96496,,,19.617595,-18.231052,5.66,Sgr
96536,,,19.626227,-14.301801,5.46,Sgr
96729,,,19.663739,-23.4277,6.33,Sgr
96760,,,19.668657,-23.429086,5.97,Sgr
96808,,,19.678717,-16.293268,5.3,Sgr
96950,,,19.708648,-16.123996,5.06,Sgr
97063,,,19.72598,-15.470105,5.49,Sgr
97067,,,19.727116,-37.538765,6.14,Sgr
97260,,,19.767005,-31.908571,5.51,Sgr
97290,,,19.772707,-19.761113,4.87,Sgr
97423,,,19.80084,-13.703616,6.11,Sgr
97484,,,19.813937,-12.319421,6.47,Sgr
97515,,,19.819889,-28.788972,6.04,Sgr
97749,,,19.864056,-39.874367,5.32,Sgr
97783,,,19.870001,-19.044991,5.88,Sgr
97849,,,19.885107,-14.603203,6.47,Sgr
97944,,,19.904931,-23.941071,6.22,Sgr
98012,,,19.918085,-33.046252,6.47,Sgr
98032,,Iot,19.921026,-41.868288,4.12,Sgr
98066,Terebellum,Ome,19.930651,-26.299506,4.7,Sgr
98162,,,19.94912,-27.169899,4.54,Sgr
98258,,,19.965842,-15.49149,5.01,Sgr
98351,,,19.982338,-30.538384,6.27,Sgr
98353,,,19.982555,-26.195767,4.84,Sgr
98412,,The-1,19.995605,-35.276305,4.37,Sgr
98421,,The-2,19.997595,-34.697799,5.3,Sgr
98461,,,20.004425,-37.701719,5.95,Sgr
98470,,,20.005621,-33.703452,5.65,Sgr
98485,,,20.007356,-43.043302,6.11,Sgr
98512,,,20.013424,-45.112918,5.8,Sgr
98575,,,20.023291,-22.737307,6.01,Sgr
98579,,,20.024104,-40.814336,6.31,Sgr
98633,,,20.032944,-13.637217,5.69,Sgr
98688,,,20.044299,-27.709845,4.43,Sgr
98761,,,20.059291,-37.940699,4.77,Sgr
98785,,,20.062309,-22.595595,6.44,Sgr
98842,,,20.072108,-32.056296,4.99,Sgr
99221,,,20.14202,-10.062595,6.18,Cap
99457,,,20.186133,-8.842344,6.39,Cap
99461,,,20.186632,-36.101212,5.32,Sgr
99529,,Xi-1,20.199416,-12.392403,6.34,Cap
99570,,,20.206624,-42.780063,6.2,Sgr
99572,,Xi-2,20.207186,-12.617497,5.84,Cap
99825,,,20.254806,-27.032977,5.73,Cap
99878,,,20.264057,-30.005278,6.3,Sgr
99918,,,20.273001,-12.337119,6.3,Cap
99920,,,20.273225,-36.453575,6.3,Sgr
100027,,Alp-1,20.29413,-12.508212,4.3,Cap
100062,,,20.300388,-21.80996,5.86,Cap
100064,Algedi,Alp-2,20.300904,-12.544852,3.58,Cap
100195,,Sig,20.323223,-19.118533,5.28,Cap
100310,Alshat,Nu,20.344393,-12.75908,4.77,Cap
100325,,,20.346263,-14.784892,6.09,Cap
100332,,,20.347748,-35.673676,6.46,Sgr
100345,Dabih,Bet,20.350187,-14.781367,3.05,Cap
100469,,Kap-1,20.374305,-42.049548,5.6,Sgr
100524,,,20.383553,-9.65471,6.29,Cap
100591,,Kap-2,20.398106,-42.422868,5.64,Sgr
100738,,,20.424119,-28.663269,5.86,Sgr
100764,,,20.429985,-40.796184,6.08,Sgr
100852,,,20.448052,-37.402905,6.24,Sgr
100881,,Pi,20.455336,-18.211721,5.08,Cap
101011,,,20.478775,-15.741499,6.41,Cap
101027,,Rho,20.481004,-17.813687,4.77,Cap
101090,,,20.492039,-22.391567,6.13,Cap
101123,,Omi,20.498307,-18.583178,5.94,Cap
101221,,,20.517863,-15.056168,6.1,Cap
101345,,,20.539915,-9.853384,5.66,Cap
101384,,,20.547877,-24.943829,6.35,Cap
101507,,,20.569916,-13.721091,6.11,Cap
101608,,,20.592293,-16.525879,6.19,Cap
101808,,,20.631173,-25.10922,6.38,Cap
101911,,,20.651628,-4.929494,6.46,Aqr
101921,,,20.653681,-2.412975,6.23,Aqr
101923,,Tau,20.654533,-14.95476,5.24,Cap
101936,,,20.656914,0.486445,5.15,Aqr
101984,,Ups,20.667485,-18.138659,5.15,Cap
101997,,,20.669925,-23.773867,6.36,Cap
102026,,,20.6757,-16.12418,5.79,Cap
102094,,,20.690073,-25.999911,6.29,Cap
102414,,,20.753645,-27.24728,6.5,Cap
102485,,Psi,20.76826,-25.270898,4.13,Cap
102487,,,20.769441,-21.514032,5.91,Cap
102561,,,20.784323,-2.486912,6.28,Aqr
102618,Albali,Eps,20.794598,-9.495776,3.78,Aqr
102624,,,20.795621,-5.027701,4.43,Aqr
102770,,,20.821455,-0.563337,6.24,Aqr
102772,,,20.821559,-25.78124,5.86,Cap
102780,,,20.822373,-18.035855,6.2,Cap
102891,,,20.844938,-12.544906,5.87,Aqr
102945,,,20.857152,-5.626633,5.99,Aqr
102978,,Ome,20.863692,-26.919133,4.12,Cap
103005,,,20.869082,-5.507059,5.55,Aqr
103045,,Mu,20.877565,-8.983318,4.73,Aqr
103071,,,20.883653,-23.783203,6.32,Cap
103077,,,20.884888,-11.573659,6.38,Aqr
103154,,,20.899552,-6.889461,6.44,Aqr
103226,,,20.913283,-17.922894,5.78,Cap
103389,,,20.946479,-26.296378,5.7,Cap
103401,,,20.948341,-9.697545,5.49,Aqr
103414,,,20.952938,0.463779,6.06,Aqr
103460,,,20.96129,-16.031539,5.89,Cap
103545,,,20.978289,-14.483128,5.95,Aqr
103616,,,20.993372,-19.035283,6.26,Cap
103682,,,21.0094,-4.730261,6.21,Aqr
103703,,,21.014379,-17.530898,6.07,Cap
103777,,,21.029244,-26.880993,6.04,Cap
103889,,,21.049896,-0.924744,6.5,Aqr
103892,,,21.05084,1.532061,6.24,Aqr
103981,,,21.067979,-5.823066,5.53,Aqr
104019,,Eta,21.073417,-19.854991,4.82,Cap
104048,,,21.079271,2.269771,6.34,Aqr
104139,,The,21.099118,-17.232861,4.08,Cap
104234,,,21.118797,-25.005853,4.49,Cap
104297,,,21.129082,-17.455902,6.18,Cap
104365,,Chi,21.142673,-21.193669,5.3,Cap
104452,,,21.159165,-20.556661,6.25,Cap
104459,,Nu,21.159902,-11.371693,4.5,Aqr
104557,,,21.179705,-9.354074,6.27,Aqr
104634,,,21.194816,-14.472378,6.47,Aqr
104872,,,21.243625,0.092256,6.38,Aqr
104914,,,21.251839,-17.345138,6.05,Cap
104963,,Phi,21.260528,-20.651696,5.17,Cap
104974,,,21.262456,-15.1715,5.31,Cap
105019,,,21.271604,-9.214656,6.45,Aqr
105046,,,21.277631,-1.607759,6.48,Aqr
105079,,,21.287094,-13.278989,6.41,Aqr
105143,,,21.299246,-17.985138,5.4,Cap
105164,,,21.303076,-4.519478,5.83,Aqr
105412,,,21.351199,-4.560125,5.87,Aqr
105515,,Iot,21.370776,-16.834542,4.28,Cap
105574,,,21.382293,-9.31933,5.99,Aqr
105576,,,21.38347,-22.669048,5.63,Cap
105646,,,21.398859,-25.202484,6.47,Cap
105662,,,21.402202,-22.747101,6.38,Cap
105665,,,21.402665,-20.851869,5.38,Cap
105668,,,21.403192,-12.878108,5.48,Aqr
105729,,,21.414354,-3.398357,6.38,Aqr
105761,,,21.420285,-9.748552,5.71,Aqr
105767,,,21.421377,-3.556747,5.48,Aqr
105819,,,21.430996,0.53434,6.45,Aqr
105864,,,21.441126,1.103359,6.12,Aqr
105881,,Zet,21.444452,-22.411332,3.77,Cap
105928,,,21.454117,-21.19621,5.78,Cap
106039,,,21.478721,-21.80718,4.5,Cap
106278,Sadalsuud,Bet,21.525982,-5.571172,2.9,Aqr
106363,,,21.542572,-24.590418,6.43,Cap
106544,,,21.578547,1.829161,6.41,Aqr
106559,,,21.580848,-20.084274,5.7,Cap
106590,,,21.587765,-23.454313,6.39,Cap
106592,,,21.588228,-3.983305,5.79,Aqr
106723,,Eps,21.618008,-19.466011,4.51,Cap
106758,,,21.626044,-0.390562,6.22,Aqr
106786,Bunda,Xi,21.629197,-7.854201,4.68,Aqr
106938,,,21.657808,-10.576896,6.07,Cap
106944,,,21.65924,2.243558,5.1,Aqr
106985,Nashira,Gam,21.668181,-16.662308,3.69,Cap
107095,,,21.692462,-14.047611,5.16,Cap
107128,,,21.700192,-23.262858,5.24,Cap
107144,,,21.702809,1.285253,5.66,Aqr
107188,,Kap,21.710973,-18.866323,4.72,Cap
107232,,,21.717888,-14.399709,5.88,Cap
107238,,,21.720425,-19.620961,6.23,Cap
107302,,,21.733602,-14.74937,5.96,Cap
107382,,,21.750071,-9.082428,5.1,Cap
107487,,,21.771186,-9.275935,6.0,Cap
107517,,Lam,21.775583,-11.365954,5.57,Cap
107556,Deneb Algedi,Del,21.784011,-16.127286,2.85,Cap
107596,,,21.793955,-5.916802,6.17,Aqr
107750,,,21.828061,-12.722865,6.31,Cap
107797,,,21.836939,-16.844914,6.38,Cap
107901,,,21.861595,-18.62294,6.19,Cap
108036,,Mu,21.888268,-13.551768,5.08,Cap
108102,,,21.902881,-4.27618,5.71,Aqr
108144,,,21.909976,-3.301272,6.24,Aqr
108453,,,21.970363,-5.424922,6.33,Aqr
108494,,,21.978831,-21.182945,6.06,Cap
108506,,,21.98194,-4.373109,6.24,Aqr
108691,,,22.01806,0.604715,5.6,Aqr
108784,,,22.036625,-17.903474,6.28,Aqr
108797,,,22.040625,-16.964836,6.39,Aqr
108868,,,22.054572,-6.522406,5.55,Aqr
108874,,Omi,22.055234,-2.155363,4.74,Aqr
108991,,,22.079839,-0.906343,5.29,Aqr
109074,Sadalmelik,Alp,22.096399,-0.319851,2.95,Aqr
109139,,Iot,22.107286,-13.869679,4.29,Aqr
109332,,,22.14972,-18.519592,5.8,Aqr
109375,,,22.158044,-23.659109,6.36,Aqr
109442,,,22.17253,-3.894086,6.28,Aqr
109466,,,22.176041,-4.266855,5.98,Aqr
109472,,,22.177078,-11.564939,5.43,Aqr
109509,,,22.183993,-21.23279,6.1,Aqr
109624,,,22.207155,-14.193957,6.04,Aqr
109647,,,22.212186,-4.720679,6.39,Aqr
109786,,,22.238342,-21.074566,5.33,Aqr
109984,,,22.276015,-1.596389,6.16,Aqr
110000,,,22.280012,-12.831436,5.34,Aqr
110003,Ancha,The,22.280565,-7.78329,4.17,Aqr
110009,,,22.281268,-9.040067,5.8,Aqr
110018,,,22.283287,-23.140247,6.17,Aqr
110023,,,22.285139,-5.387164,5.75,Aqr
110091,,,22.301187,-0.237656,6.39,Aqr
110179,,,22.316872,-13.304995,5.96,Aqr
110273,,Rho,22.336643,-7.821102,5.35,Aqr
110391,,,22.35988,-21.59823,5.12,Aqr
110395,Sadachbia,Gam,22.360938,-1.387331,3.86,Aqr
110529,,,22.391901,-24.762661,5.53,Aqr
110532,,,22.392264,-7.194421,5.92,Aqr
110578,,,22.401912,-4.83702,5.79,Aqr
110602,,,22.407517,-13.529369,5.76,Aqr
110672,,Pi,22.421284,1.377401,4.8,Aqr
110746,,,22.436306,-23.682447,6.29,Aqr
110778,,,22.442853,-16.742138,5.55,Aqr
110960,,Zet-1,22.480531,-0.019972,3.65,Aqr
111066,,,22.500411,-12.915116,6.41,Aqr
111086,,,22.504819,-14.585734,6.36,Aqr
111123,,Sig,22.510782,-10.67795,4.82,Aqr
111170,,,22.521753,-6.555151,6.15,Aqr
111171,,,22.521783,-2.911276,6.15,Aqr
111200,,,22.528144,-10.905561,6.39,Aqr
111394,,,22.567476,-1.57427,5.88,Aqr
111449,,Ups,22.57823,-20.708216,5.21,Aqr
111497,,Eta,22.589272,-0.117498,4.04,Aqr
111515,,,22.593437,-23.991094,5.97,Aqr
111539,,,22.59689,-17.460424,6.39,Aqr
111710,Situla,Kap,22.629273,-4.228056,5.04,Aqr
111761,,,22.639484,-7.897563,6.23,Aqr
111965,,,22.679987,-3.554239,6.32,Aqr
112078,,,22.701674,-5.101968,6.28,Aqr
112168,,,22.717615,-8.311441,6.45,Aqr
112179,,,22.720629,-6.962937,6.4,Aqr
112211,,,22.726454,-18.830375,4.68,Aqr
112529,,,22.792535,-19.613375,5.24,Aqr
112542,,Tau-1,22.795213,-14.056428,5.68,Aqr
112615,,,22.808391,-10.555478,6.19,Aqr
112716,,Tau-2,22.826528,-13.592632,4.05,Aqr
112961,,Lam,22.87691,-7.579599,3.73,Aqr
113031,,,22.891307,-11.616514,5.8,Aqr
113080,,,22.901568,-19.175149,6.37,Aqr
113127,,,22.909478,-7.204626,6.2,Aqr
113136,Skat,Del,22.910837,-15.82082,3.27,Aqr
113148,,,22.912632,-16.271957,5.53,Aqr
113167,,,22.916524,1.064904,6.11,Psc
113184,,,22.919711,-4.987899,5.72,Aqr
113204,,,22.925165,-20.139404,6.36,Aqr
113345,,,22.954777,-4.810095,6.31,Aqr
113360,,,22.959112,3.810241,6.28,Psc
113421,,,22.970984,-2.395385,6.17,Psc
113433,,,22.973239,-1.410209,6.38,Psc
113465,,,22.978507,7.340074,6.35,Psc
113521,,,22.99096,0.962927,5.43,Psc
113531,,,22.993243,-13.070895,6.12,Aqr
113610,,,23.01053,0.185866,6.22,Psc
113622,,,23.011917,3.011805,5.85,Psc
113673,,,23.023068,-22.790891,6.27,Aqr
113674,,,23.023234,-7.061153,6.23,Aqr
113686,,,23.025475,-4.711461,5.94,Aqr
113705,,,23.028772,3.53091,6.44,Psc
113781,,,23.042377,-6.574008,6.18,Aqr
113801,,,23.045626,-20.870712,5.97,Aqr
113889,Fumalsamakah,Bet,23.064615,3.820045,4.48,Psc
113904,,,23.066883,6.616338,6.42,Psc
113996,,,23.086052,-7.693801,5.44,Aqr
113998,,,23.086904,-17.07925,6.15,Aqr
114005,,,23.088231,1.307127,6.39,Psc
114119,,,23.111345,-23.743115,4.48,Aqr
114273,,,23.1447,2.127883,5.42,Psc
114341,,,23.157443,-21.17241,3.68,Aqr
114371,,,23.163764,-14.510552,6.43,Aqr
114375,,,23.165249,-22.457611,4.71,Aqr
114724,,Phi,23.238711,-6.049003,4.22,Aqr
114750,,,23.244492,-10.688715,6.13,Aqr
114822,,,23.259516,-3.49638,5.56,Aqr
114855,,Psi-1,23.264859,-9.087737,4.24,Aqr
114939,,Chi,23.280817,-7.726504,4.93,Aqr
114971,,Gam,23.286094,3.282289,3.7,Psc
115015,,,23.294467,-11.712942,6.33,Aqr
115033,,Psi-2,23.298393,-9.182513,4.41,Aqr
115115,,Psi-3,23.316021,-9.61075,4.99,Aqr
115126,,,23.318518,-13.458552,5.2,Aqr
115142,,,23.323327,-5.124352,5.56,Aqr
115144,,,23.323363,-18.075376,5.96,Aqr
115227,,,23.339051,5.381307,5.05,Psc
115257,,,23.344691,-5.907975,6.17,Aqr
115404,,,23.377547,-15.039338,5.19,Aqr
115438,,,23.382842,-20.10058,3.96,Aqr
115476,,,23.392207,0.291325,6.33,Psc
115522,,,23.401106,-21.774411,6.46,Aqr
115528,,,23.402182,-18.688006,6.18,Aqr
115669,,,23.434108,-20.642014,4.38,Aqr
115709,,,23.443187,-21.740836,6.43,Aqr
115738,,Kap,23.448876,1.255608,4.95,Psc
115768,,,23.454109,1.122609,6.26,Psc
115830,,The,23.466138,6.378992,4.27,Psc
115839,,,23.468109,-11.449752,6.37,Aqr
115906,,,23.483518,-9.266104,6.2,Aqr
115945,,,23.49083,-1.791213,6.35,Psc
115953,,,23.492245,-4.532747,6.26,Aqr
116060,,,23.516984,-6.288082,6.39,Aqr
116106,,,23.525417,-4.087406,6.5,Aqr
116118,,,23.528345,-21.369457,6.24,Aqr
116146,,,23.532657,-1.085885,6.39,Psc
116247,,,23.554618,-20.914504,4.7,Aqr
116323,,,23.569171,-1.247567,5.91,Psc
116368,,,23.580378,-15.246005,5.95,Aqr
116422,,,23.591272,1.313142,6.47,Psc
116428,,,23.592242,-7.464431,6.4,Aqr
116495,,,23.606468,2.102222,5.68,Psc
116591,,,23.627655,-13.060243,5.66,Aqr
116624,,,23.634175,-15.095108,6.38,Aqr
116758,,Ome-1,23.663074,-14.222178,4.97,Aqr
116771,,Iot,23.665844,5.626292,4.13,Psc
116853,,,23.685809,-11.680655,5.89,Aqr
116889,,,23.692914,-18.027077,5.36,Aqr
116901,,,23.696057,-17.816533,4.82,Aqr
116918,,,23.699081,7.250546,5.89,Psc
116928,,Lam,23.700779,1.780041,4.49,Psc
116957,,,23.707729,-15.448033,5.27,Aqr
116971,,Ome-2,23.712039,-14.544905,4.49,Aqr
117089,,,23.736688,-18.276938,5.24,Aqr
117218,,,23.766922,-18.67834,5.28,Aqr
117245,,,23.773199,3.486811,4.95,Psc
117314,,,23.787754,-11.911126,5.74,Aqr
117375,,,23.79904,-2.761598,5.49,Psc
117420,,,23.809022,-6.380426,6.09,Aqr
117445,,,23.813713,2.214413,6.47,Psc
117491,,,23.824299,1.076131,5.77,Psc
117494,,,23.825447,-15.861277,6.21,Aqr
117541,,,23.837425,-9.974136,5.93,Aqr
117567,,,23.842579,-14.40149,5.7,Aqr
117629,,,23.855927,-18.909163,5.17,Aqr
117683,,,23.866066,2.930384,5.59,Psc
117722,,,23.874998,-14.251217,5.85,Aqr
117756,,,23.880702,-8.996756,5.76,Aqr
117761,,,23.882101,-3.155482,5.93,Psc
117774,,,23.884655,2.090625,6.29,Psc
117797,,,23.889123,-24.229257,6.23,Aqr
117887,,,23.912951,0.109309,5.78,Psc
117927,,,23.918831,7.070972,6.22,Psc
118209,,,23.977883,-3.555983,4.88,Psc
118268,,Ome,23.988525,6.863321,4.03,Psc
,,,5.124227,18.647141,5.7,Tau
,Castor B,Alp,7.576827,31.89052,2.85,Gem
,,Gam,12.694171,-1.449235,3.52,Vir
,,,13.062675,-20.583353,6.4,Vir
,Graffias,Xi,16.072774,-11.374611,4.84,Sco
,,Xi,16.072774,-11.374611,5.0,Sco
,,,21.073516,-19.855641,6.5,Cap
,,,22.442972,-16.742424,6.21,Aqr
,,,23.165305,-22.457364,5.9,Aqr
,,,6.51947222,17.46638888,6.2,Gem
,,,16.90327777,-41.85027778,6.45,Sco
,,,17.89597222,-34.78611111,6.38,Sco
